DATE,DGS20
2000-01-03,6.940
2000-01-04,6.840
2000-01-05,6.950
2000-01-06,6.860
2000-01-07,6.820
2000-01-10,6.860
2000-01-11,6.940
2000-01-12,6.970
2000-01-13,6.880
2000-01-14,6.910
2000-01-17,.
2000-01-18,6.940
2000-01-19,6.910
2000-01-20,6.930
2000-01-21,6.910
2000-01-24,6.860
2000-01-25,6.840
2000-01-26,6.790
2000-01-27,6.730
2000-01-28,6.650
2000-01-31,6.720
2000-02-01,6.660
2000-02-02,6.610
2000-02-03,6.520
2000-02-04,6.540
2000-02-07,6.620
2000-02-08,6.510
2000-02-09,6.600
2000-02-10,6.670
2000-02-11,6.620
2000-02-14,6.550
2000-02-15,6.590
2000-02-16,6.600
2000-02-17,6.550
2000-02-18,6.470
2000-02-21,.
2000-02-22,6.390
2000-02-23,6.450
2000-02-24,6.430
2000-02-25,6.470
2000-02-28,6.470
2000-02-29,6.460
2000-03-01,6.480
2000-03-02,6.450
2000-03-03,6.410
2000-03-06,6.460
2000-03-07,6.460
2000-03-08,6.480
2000-03-09,6.470
2000-03-10,6.520
2000-03-13,6.500
2000-03-14,6.430
2000-03-15,6.390
2000-03-16,6.370
2000-03-17,6.330
2000-03-20,6.310
2000-03-21,6.280
2000-03-22,6.300
2000-03-23,6.250
2000-03-24,6.360
2000-03-27,6.350
2000-03-28,6.340
2000-03-29,6.350
2000-03-30,6.260
2000-03-31,6.200
2000-04-03,6.190
2000-04-04,6.120
2000-04-05,6.140
2000-04-06,6.120
2000-04-07,6.040
2000-04-10,6.040
2000-04-11,6.130
2000-04-12,6.190
2000-04-13,6.160
2000-04-14,6.120
2000-04-17,6.260
2000-04-18,6.260
2000-04-19,6.180
2000-04-20,6.160
2000-04-21,.
2000-04-24,6.200
2000-04-25,6.270
2000-04-26,6.280
2000-04-27,6.340
2000-04-28,6.310
2000-05-01,6.330
2000-05-02,6.390
2000-05-03,6.490
2000-05-04,6.590
2000-05-05,6.610
2000-05-08,6.690
2000-05-09,6.640
2000-05-10,6.560
2000-05-11,6.540
2000-05-12,6.620
2000-05-15,6.560
2000-05-16,6.520
2000-05-17,6.580
2000-05-18,6.660
2000-05-19,6.640
2000-05-22,6.580
2000-05-23,6.580
2000-05-24,6.610
2000-05-25,6.500
2000-05-26,6.450
2000-05-29,.
2000-05-30,6.500
2000-05-31,6.420
2000-06-01,6.330
2000-06-02,6.310
2000-06-05,6.280
2000-06-06,6.280
2000-06-07,6.260
2000-06-08,6.250
2000-06-09,6.260
2000-06-12,6.230
2000-06-13,6.300
2000-06-14,6.250
2000-06-15,6.260
2000-06-16,6.210
2000-06-19,6.240
2000-06-20,6.250
2000-06-21,6.320
2000-06-22,6.330
2000-06-23,6.380
2000-06-26,6.340
2000-06-27,6.310
2000-06-28,6.330
2000-06-29,6.240
2000-06-30,6.260
2000-07-03,6.220
2000-07-04,.
2000-07-05,6.210
2000-07-06,6.270
2000-07-07,6.230
2000-07-10,6.230
2000-07-11,6.230
2000-07-12,6.230
2000-07-13,6.150
2000-07-14,6.240
2000-07-17,6.300
2000-07-18,6.290
2000-07-19,6.290
2000-07-20,6.150
2000-07-21,6.120
2000-07-24,6.150
2000-07-25,6.140
2000-07-26,6.140
2000-07-27,6.100
2000-07-28,6.120
2000-07-31,6.130
2000-08-01,6.090
2000-08-02,6.090
2000-08-03,6.050
2000-08-04,6.030
2000-08-07,6.060
2000-08-08,6.030
2000-08-09,6.020
2000-08-10,6.000
2000-08-11,6.040
2000-08-14,6.000
2000-08-15,6.020
2000-08-16,6.050
2000-08-17,6.020
2000-08-18,6.000
2000-08-21,6.020
2000-08-22,6.010
2000-08-23,5.970
2000-08-24,5.960
2000-08-25,5.960
2000-08-28,6.010
2000-08-29,6.040
2000-08-30,6.030
2000-08-31,5.960
2000-09-01,5.950
2000-09-04,.
2000-09-05,5.940
2000-09-06,5.990
2000-09-07,6.020
2000-09-08,5.990
2000-09-11,6.020
2000-09-12,6.040
2000-09-13,6.010
2000-09-14,6.090
2000-09-15,6.160
2000-09-18,6.200
2000-09-19,6.180
2000-09-20,6.230
2000-09-21,6.180
2000-09-22,6.180
2000-09-25,6.160
2000-09-26,6.120
2000-09-27,6.150
2000-09-28,6.140
2000-09-29,6.130
2000-10-02,6.180
2000-10-03,6.200
2000-10-04,6.210
2000-10-05,6.170
2000-10-06,6.110
2000-10-09,.
2000-10-10,6.080
2000-10-11,6.060
2000-10-12,6.050
2000-10-13,6.050
2000-10-16,6.060
2000-10-17,6.000
2000-10-18,6.000
2000-10-19,5.980
2000-10-20,5.950
2000-10-23,5.890
2000-10-24,5.930
2000-10-25,5.970
2000-10-26,5.960
2000-10-27,5.960
2000-10-30,5.980
2000-10-31,6.020
2000-11-01,6.000
2000-11-02,6.010
2000-11-03,6.090
2000-11-06,6.120
2000-11-07,6.120
2000-11-08,6.090
2000-11-09,6.060
2000-11-10,6.070
2000-11-13,6.040
2000-11-14,6.010
2000-11-15,5.970
2000-11-16,5.940
2000-11-17,5.970
2000-11-20,5.960
2000-11-21,5.930
2000-11-22,5.870
2000-11-23,.
2000-11-24,5.860
2000-11-27,5.890
2000-11-28,5.860
2000-11-29,5.840
2000-11-30,5.780
2000-12-01,5.820
2000-12-04,5.840
2000-12-05,5.760
2000-12-06,5.680
2000-12-07,5.670
2000-12-08,5.710
2000-12-11,5.710
2000-12-12,5.700
2000-12-13,5.640
2000-12-14,5.600
2000-12-15,5.590
2000-12-18,5.590
2000-12-19,5.610
2000-12-20,5.550
2000-12-21,5.530
2000-12-22,5.520
2000-12-25,.
2000-12-26,5.540
2000-12-27,5.580
2000-12-28,5.590
2000-12-29,5.590
2001-01-01,.
2001-01-02,5.460
2001-01-03,5.620
2001-01-04,5.560
2001-01-05,5.500
2001-01-08,5.520
2001-01-09,5.530
2001-01-10,5.600
2001-01-11,5.670
2001-01-12,5.740
2001-01-15,.
2001-01-16,5.710
2001-01-17,5.640
2001-01-18,5.570
2001-01-19,5.670
2001-01-22,5.710
2001-01-23,5.760
2001-01-24,5.780
2001-01-25,5.730
2001-01-26,5.750
2001-01-29,5.780
2001-01-30,5.680
2001-01-31,5.650
2001-02-01,5.550
2001-02-02,5.600
2001-02-05,5.580
2001-02-06,5.610
2001-02-07,5.610
2001-02-08,5.620
2001-02-09,5.550
2001-02-12,5.600
2001-02-13,5.620
2001-02-14,5.640
2001-02-15,5.710
2001-02-16,5.670
2001-02-19,.
2001-02-20,5.660
2001-02-21,5.700
2001-02-22,5.720
2001-02-23,5.660
2001-02-26,5.620
2001-02-27,5.510
2001-02-28,5.510
2001-03-01,5.450
2001-03-02,5.550
2001-03-05,5.550
2001-03-06,5.560
2001-03-07,5.490
2001-03-08,5.480
2001-03-09,5.500
2001-03-12,5.480
2001-03-13,5.500
2001-03-14,5.430
2001-03-15,5.430
2001-03-16,5.410
2001-03-19,5.440
2001-03-20,5.410
2001-03-21,5.420
2001-03-22,5.380
2001-03-23,5.430
2001-03-26,5.500
2001-03-27,5.610
2001-03-28,5.610
2001-03-29,5.630
2001-03-30,5.600
2001-04-02,5.640
2001-04-03,5.620
2001-04-04,5.620
2001-04-05,5.660
2001-04-06,5.570
2001-04-09,5.610
2001-04-10,5.760
2001-04-11,5.750
2001-04-12,5.770
2001-04-13,.
2001-04-16,5.860
2001-04-17,5.800
2001-04-18,5.790
2001-04-19,5.910
2001-04-20,5.920
2001-04-23,5.840
2001-04-24,5.870
2001-04-25,5.910
2001-04-26,5.820
2001-04-27,5.940
2001-04-30,5.920
2001-05-01,5.870
2001-05-02,5.830
2001-05-03,5.750
2001-05-04,5.770
2001-05-07,5.780
2001-05-08,5.810
2001-05-09,5.760
2001-05-10,5.860
2001-05-11,6.020
2001-05-14,5.990
2001-05-15,6.030
2001-05-16,6.010
2001-05-17,5.960
2001-05-18,5.930
2001-05-21,5.920
2001-05-22,5.950
2001-05-23,5.950
2001-05-24,6.040
2001-05-25,6.040
2001-05-28,.
2001-05-29,6.050
2001-05-30,6.040
2001-05-31,5.950
2001-06-01,5.890
2001-06-04,5.870
2001-06-05,5.850
2001-06-06,5.830
2001-06-07,5.890
2001-06-08,5.900
2001-06-11,5.850
2001-06-12,5.810
2001-06-13,5.810
2001-06-14,5.800
2001-06-15,5.830
2001-06-18,5.840
2001-06-19,5.820
2001-06-20,5.800
2001-06-21,5.770
2001-06-22,5.700
2001-06-25,5.720
2001-06-26,5.780
2001-06-27,5.770
2001-06-28,5.850
2001-06-29,5.910
2001-07-02,5.860
2001-07-03,5.900
2001-07-04,.
2001-07-05,5.940
2001-07-06,5.920
2001-07-09,5.870
2001-07-10,5.830
2001-07-11,5.840
2001-07-12,5.800
2001-07-13,5.790
2001-07-16,5.740
2001-07-17,5.740
2001-07-18,5.650
2001-07-19,5.660
2001-07-20,5.670
2001-07-23,5.660
2001-07-24,5.640
2001-07-25,5.700
2001-07-26,5.710
2001-07-27,5.650
2001-07-30,5.630
2001-07-31,5.610
2001-08-01,5.630
2001-08-02,5.680
2001-08-03,5.700
2001-08-06,5.700
2001-08-07,5.710
2001-08-08,5.610
2001-08-09,5.640
2001-08-10,5.610
2001-08-13,5.600
2001-08-14,5.610
2001-08-15,5.620
2001-08-16,5.580
2001-08-17,5.510
2001-08-20,5.550
2001-08-21,5.540
2001-08-22,5.530
2001-08-23,5.500
2001-08-24,5.540
2001-08-27,5.560
2001-08-28,5.490
2001-08-29,5.440
2001-08-30,5.450
2001-08-31,5.470
2001-09-03,.
2001-09-04,5.590
2001-09-05,5.570
2001-09-06,5.500
2001-09-07,5.450
2001-09-10,5.500
2001-09-11,.
2001-09-12,.
2001-09-13,5.410
2001-09-14,5.380
2001-09-17,5.440
2001-09-18,5.590
2001-09-19,5.590
2001-09-20,5.670
2001-09-21,5.620
2001-09-24,5.610
2001-09-25,5.600
2001-09-26,5.520
2001-09-27,5.460
2001-09-28,5.450
2001-10-01,5.390
2001-10-02,5.360
2001-10-03,5.340
2001-10-04,5.330
2001-10-05,5.340
2001-10-08,.
2001-10-09,5.420
2001-10-10,5.380
2001-10-11,5.450
2001-10-12,5.450
2001-10-15,5.400
2001-10-16,5.380
2001-10-17,5.350
2001-10-18,5.340
2001-10-19,5.390
2001-10-22,5.380
2001-10-23,5.400
2001-10-24,5.320
2001-10-25,5.280
2001-10-26,5.270
2001-10-29,5.240
2001-10-30,5.210
2001-10-31,5.050
2001-11-01,5.000
2001-11-02,5.140
2001-11-05,5.060
2001-11-06,5.050
2001-11-07,4.950
2001-11-08,5.030
2001-11-09,5.050
2001-11-12,.
2001-11-13,5.100
2001-11-14,5.200
2001-11-15,5.410
2001-11-16,5.520
2001-11-19,5.420
2001-11-20,5.500
2001-11-21,5.590
2001-11-22,.
2001-11-23,5.650
2001-11-26,5.660
2001-11-27,5.640
2001-11-28,5.630
2001-11-29,5.520
2001-11-30,5.540
2001-12-03,5.490
2001-12-04,5.430
2001-12-05,5.610
2001-12-06,5.720
2001-12-07,5.900
2001-12-10,5.860
2001-12-11,5.830
2001-12-12,5.740
2001-12-13,5.810
2001-12-14,5.890
2001-12-17,5.910
2001-12-18,5.810
2001-12-19,5.730
2001-12-20,5.730
2001-12-21,5.760
2001-12-24,5.810
2001-12-25,.
2001-12-26,5.840
2001-12-27,5.780
2001-12-28,5.820
2001-12-31,5.740
2002-01-01,.
2002-01-02,5.860
2002-01-03,5.830
2002-01-04,5.870
2002-01-07,5.760
2002-01-08,5.770
2002-01-09,5.760
2002-01-10,5.640
2002-01-11,5.600
2002-01-14,5.620
2002-01-15,5.560
2002-01-16,5.580
2002-01-17,5.650
2002-01-18,5.590
2002-01-21,.
2002-01-22,5.620
2002-01-23,5.730
2002-01-24,5.710
2002-01-25,5.720
2002-01-28,5.720
2002-01-29,5.630
2002-01-30,5.640
2002-01-31,5.680
2002-02-01,5.630
2002-02-04,5.570
2002-02-05,5.560
2002-02-06,5.610
2002-02-07,5.640
2002-02-08,5.600
2002-02-11,5.630
2002-02-12,5.690
2002-02-13,5.720
2002-02-14,5.640
2002-02-15,5.580
2002-02-18,.
2002-02-19,5.610
2002-02-20,5.600
2002-02-21,5.580
2002-02-22,5.550
2002-02-25,5.560
2002-02-26,5.630
2002-02-27,5.560
2002-02-28,5.610
2002-03-01,5.700
2002-03-04,5.710
2002-03-05,5.700
2002-03-06,5.740
2002-03-07,5.880
2002-03-08,5.950
2002-03-11,5.960
2002-03-12,5.960
2002-03-13,5.950
2002-03-14,6.050
2002-03-15,5.980
2002-03-18,5.950
2002-03-19,5.960
2002-03-20,6.040
2002-03-21,6.020
2002-03-22,6.040
2002-03-25,6.030
2002-03-26,5.960
2002-03-27,5.960
2002-03-28,6.030
2002-03-29,.
2002-04-01,6.040
2002-04-02,5.960
2002-04-03,5.920
2002-04-04,5.890
2002-04-05,5.840
2002-04-08,5.890
2002-04-09,5.840
2002-04-10,5.880
2002-04-11,5.850
2002-04-12,5.810
2002-04-15,5.780
2002-04-16,5.830
2002-04-17,5.900
2002-04-18,5.880
2002-04-19,5.850
2002-04-22,5.850
2002-04-23,5.830
2002-04-24,5.770
2002-04-25,5.770
2002-04-26,5.730
2002-04-29,5.770
2002-04-30,5.740
2002-05-01,5.710
2002-05-02,5.740
2002-05-03,5.700
2002-05-06,5.710
2002-05-07,5.710
2002-05-08,5.840
2002-05-09,5.800
2002-05-10,5.770
2002-05-13,5.860
2002-05-14,5.940
2002-05-15,5.920
2002-05-16,5.870
2002-05-17,5.940
2002-05-20,5.880
2002-05-21,5.840
2002-05-22,5.800
2002-05-23,5.830
2002-05-24,5.830
2002-05-27,.
2002-05-28,5.830
2002-05-29,5.790
2002-05-30,5.740
2002-05-31,5.770
2002-06-03,5.760
2002-06-04,5.750
2002-06-05,5.790
2002-06-06,5.750
2002-06-07,5.810
2002-06-10,5.760
2002-06-11,5.710
2002-06-12,5.680
2002-06-13,5.650
2002-06-14,5.540
2002-06-17,5.610
2002-06-18,5.600
2002-06-19,5.510
2002-06-20,5.590
2002-06-21,5.540
2002-06-24,5.600
2002-06-25,5.620
2002-06-26,5.530
2002-06-27,5.630
2002-06-28,5.650
2002-07-01,5.640
2002-07-02,5.560
2002-07-03,5.570
2002-07-04,.
2002-07-05,5.670
2002-07-08,5.630
2002-07-09,5.570
2002-07-10,5.480
2002-07-11,5.470
2002-07-12,5.450
2002-07-15,5.490
2002-07-16,5.580
2002-07-17,5.540
2002-07-18,5.520
2002-07-19,5.470
2002-07-22,5.400
2002-07-23,5.390
2002-07-24,5.420
2002-07-25,5.390
2002-07-26,5.420
2002-07-29,5.540
2002-07-30,5.540
2002-07-31,5.410
2002-08-01,5.410
2002-08-02,5.290
2002-08-05,5.260
2002-08-06,5.350
2002-08-07,5.310
2002-08-08,5.340
2002-08-09,5.220
2002-08-12,5.160
2002-08-13,5.090
2002-08-14,5.030
2002-08-15,5.120
2002-08-16,5.240
2002-08-19,5.210
2002-08-20,5.120
2002-08-21,5.140
2002-08-22,5.220
2002-08-23,5.150
2002-08-26,5.120
2002-08-27,5.200
2002-08-28,5.140
2002-08-29,5.080
2002-08-30,5.060
2002-09-02,.
2002-09-03,4.920
2002-09-04,4.910
2002-09-05,4.880
2002-09-06,5.000
2002-09-09,4.990
2002-09-10,4.960
2002-09-11,5.010
2002-09-12,4.930
2002-09-13,4.870
2002-09-16,4.850
2002-09-17,4.830
2002-09-18,4.850
2002-09-19,4.800
2002-09-20,4.820
2002-09-23,4.750
2002-09-24,4.740
2002-09-25,4.830
2002-09-26,4.850
2002-09-27,4.780
2002-09-30,4.750
2002-10-01,4.810
2002-10-02,4.780
2002-10-03,4.790
2002-10-04,4.770
2002-10-07,4.750
2002-10-08,4.750
2002-10-09,4.720
2002-10-10,4.780
2002-10-11,4.910
2002-10-14,.
2002-10-15,5.090
2002-10-16,5.100
2002-10-17,5.180
2002-10-18,5.170
2002-10-21,5.230
2002-10-22,5.260
2002-10-23,5.260
2002-10-24,5.200
2002-10-25,5.160
2002-10-28,5.150
2002-10-29,5.050
2002-10-30,5.070
2002-10-31,5.030
2002-11-01,5.070
2002-11-04,5.110
2002-11-05,5.130
2002-11-06,5.120
2002-11-07,4.940
2002-11-08,4.870
2002-11-11,.
2002-11-12,4.870
2002-11-13,4.860
2002-11-14,5.010
2002-11-15,5.020
2002-11-18,4.980
2002-11-19,4.940
2002-11-20,5.040
2002-11-21,5.100
2002-11-22,5.120
2002-11-25,5.130
2002-11-26,5.030
2002-11-27,5.230
2002-11-28,.
2002-11-29,5.180
2002-12-02,5.170
2002-12-03,5.180
2002-12-04,5.140
2002-12-05,5.090
2002-12-06,5.080
2002-12-09,5.050
2002-12-10,5.020
2002-12-11,4.970
2002-12-12,4.970
2002-12-13,5.030
2002-12-16,5.110
2002-12-17,5.110
2002-12-18,5.050
2002-12-19,4.970
2002-12-20,4.970
2002-12-23,4.980
2002-12-24,4.930
2002-12-25,.
2002-12-26,4.910
2002-12-27,4.830
2002-12-30,4.820
2002-12-31,4.830
2003-01-01,.
2003-01-02,5.050
2003-01-03,5.030
2003-01-06,5.050
2003-01-07,5.030
2003-01-08,5.000
2003-01-09,5.170
2003-01-10,5.140
2003-01-13,5.130
2003-01-14,5.090
2003-01-15,5.070
2003-01-16,5.060
2003-01-17,5.000
2003-01-20,.
2003-01-21,4.980
2003-01-22,4.940
2003-01-23,4.980
2003-01-24,4.920
2003-01-27,4.960
2003-01-28,4.960
2003-01-29,5.010
2003-01-30,4.960
2003-01-31,4.930
2003-02-03,4.930
2003-02-04,4.890
2003-02-05,4.970
2003-02-06,4.910
2003-02-07,4.880
2003-02-10,4.940
2003-02-11,4.930
2003-02-12,4.900
2003-02-13,4.860
2003-02-14,4.940
2003-02-17,.
2003-02-18,4.920
2003-02-19,4.860
2003-02-20,4.840
2003-02-21,4.880
2003-02-24,4.850
2003-02-25,4.810
2003-02-26,4.770
2003-02-27,4.750
2003-02-28,4.700
2003-03-03,4.690
2003-03-04,4.680
2003-03-05,4.670
2003-03-06,4.700
2003-03-07,4.670
2003-03-10,4.640
2003-03-11,4.640
2003-03-12,4.620
2003-03-13,4.750
2003-03-14,4.730
2003-03-17,4.820
2003-03-18,4.890
2003-03-19,4.940
2003-03-20,4.990
2003-03-21,5.080
2003-03-24,4.970
2003-03-25,4.970
2003-03-26,4.960
2003-03-27,4.960
2003-03-28,4.930
2003-03-31,4.840
2003-04-01,4.850
2003-04-02,4.940
2003-04-03,4.950
2003-04-04,4.970
2003-04-07,5.010
2003-04-08,4.930
2003-04-09,4.920
2003-04-10,4.940
2003-04-11,4.960
2003-04-14,4.990
2003-04-15,4.930
2003-04-16,4.920
2003-04-17,4.910
2003-04-18,.
2003-04-21,4.920
2003-04-22,4.940
2003-04-23,4.920
2003-04-24,4.840
2003-04-25,4.830
2003-04-28,4.830
2003-04-29,4.860
2003-04-30,4.790
2003-05-01,4.800
2003-05-02,4.840
2003-05-05,4.800
2003-05-06,4.760
2003-05-07,4.670
2003-05-08,4.650
2003-05-09,4.640
2003-05-12,4.600
2003-05-13,4.580
2003-05-14,4.470
2003-05-15,4.480
2003-05-16,4.440
2003-05-19,4.440
2003-05-20,4.360
2003-05-21,4.330
2003-05-22,4.290
2003-05-23,4.280
2003-05-26,.
2003-05-27,4.390
2003-05-28,4.420
2003-05-29,4.350
2003-05-30,4.360
2003-06-02,4.430
2003-06-03,4.350
2003-06-04,4.320
2003-06-05,4.370
2003-06-06,4.370
2003-06-09,4.310
2003-06-10,4.220
2003-06-11,4.230
2003-06-12,4.180
2003-06-13,4.130
2003-06-16,4.180
2003-06-17,4.260
2003-06-18,4.350
2003-06-19,4.370
2003-06-20,4.410
2003-06-23,4.350
2003-06-24,4.310
2003-06-25,4.400
2003-06-26,4.520
2003-06-27,4.570
2003-06-30,4.520
2003-07-01,4.540
2003-07-02,4.540
2003-07-03,4.640
2003-07-04,.
2003-07-07,4.690
2003-07-08,4.710
2003-07-09,4.690
2003-07-10,4.680
2003-07-11,4.650
2003-07-14,4.740
2003-07-15,4.910
2003-07-16,4.910
2003-07-17,4.920
2003-07-18,4.930
2003-07-21,5.090
2003-07-22,5.070
2003-07-23,5.040
2003-07-24,5.120
2003-07-25,5.150
2003-07-28,5.230
2003-07-29,5.330
2003-07-30,5.270
2003-07-31,5.430
2003-08-01,5.420
2003-08-04,5.360
2003-08-05,5.480
2003-08-06,5.310
2003-08-07,5.270
2003-08-08,5.290
2003-08-11,5.360
2003-08-12,5.360
2003-08-13,5.550
2003-08-14,5.490
2003-08-15,5.490
2003-08-18,5.450
2003-08-19,5.330
2003-08-20,5.390
2003-08-21,5.430
2003-08-22,5.370
2003-08-25,5.430
2003-08-26,5.390
2003-08-27,5.430
2003-08-28,5.310
2003-08-29,5.330
2003-09-01,.
2003-09-02,5.480
2003-09-03,5.490
2003-09-04,5.430
2003-09-05,5.290
2003-09-08,5.330
2003-09-09,5.310
2003-09-10,5.220
2003-09-11,5.270
2003-09-12,5.220
2003-09-15,5.240
2003-09-16,5.260
2003-09-17,5.150
2003-09-18,5.150
2003-09-19,5.120
2003-09-22,5.200
2003-09-23,5.160
2003-09-24,5.090
2003-09-25,5.040
2003-09-26,4.980
2003-09-29,5.030
2003-09-30,4.910
2003-10-01,4.920
2003-10-02,4.970
2003-10-03,5.150
2003-10-06,5.100
2003-10-07,5.210
2003-10-08,5.220
2003-10-09,5.270
2003-10-10,5.230
2003-10-13,.
2003-10-14,5.320
2003-10-15,5.360
2003-10-16,5.380
2003-10-17,5.320
2003-10-20,5.300
2003-10-21,5.280
2003-10-22,5.190
2003-10-23,5.250
2003-10-24,5.140
2003-10-27,5.190
2003-10-28,5.140
2003-10-29,5.210
2003-10-30,5.250
2003-10-31,5.200
2003-11-03,5.250
2003-11-04,5.190
2003-11-05,5.240
2003-11-06,5.320
2003-11-07,5.330
2003-11-10,5.340
2003-11-11,.
2003-11-12,5.290
2003-11-13,5.160
2003-11-14,5.100
2003-11-17,5.070
2003-11-18,5.050
2003-11-19,5.120
2003-11-20,5.060
2003-11-21,5.050
2003-11-24,5.110
2003-11-25,5.070
2003-11-26,5.120
2003-11-27,.
2003-11-28,5.200
2003-12-01,5.230
2003-12-02,5.220
2003-12-03,5.250
2003-12-04,5.220
2003-12-05,5.090
2003-12-08,5.150
2003-12-09,5.180
2003-12-10,5.160
2003-12-11,5.140
2003-12-12,5.120
2003-12-15,5.130
2003-12-16,5.100
2003-12-17,5.050
2003-12-18,4.990
2003-12-19,4.990
2003-12-22,5.020
2003-12-23,5.090
2003-12-24,5.020
2003-12-25,.
2003-12-26,4.990
2003-12-29,5.070
2003-12-30,5.120
2003-12-31,5.100
2004-01-01,.
2004-01-02,5.210
2004-01-05,5.230
2004-01-06,5.130
2004-01-07,5.110
2004-01-08,5.120
2004-01-09,4.980
2004-01-12,4.990
2004-01-13,4.950
2004-01-14,4.900
2004-01-15,4.870
2004-01-16,4.900
2004-01-19,.
2004-01-20,4.930
2004-01-21,4.920
2004-01-22,4.860
2004-01-23,4.950
2004-01-26,5.010
2004-01-27,4.960
2004-01-28,5.060
2004-01-29,5.050
2004-01-30,5.000
2004-02-02,5.020
2004-02-03,4.980
2004-02-04,5.000
2004-02-05,5.020
2004-02-06,4.950
2004-02-09,4.930
2004-02-10,4.970
2004-02-11,4.900
2004-02-12,4.940
2004-02-13,4.920
2004-02-16,.
2004-02-17,4.910
2004-02-18,4.910
2004-02-19,4.910
2004-02-20,4.960
2004-02-23,4.920
2004-02-24,4.900
2004-02-25,4.890
2004-02-26,4.920
2004-02-27,4.850
2004-03-01,4.860
2004-03-02,4.900
2004-03-03,4.920
2004-03-04,4.890
2004-03-05,4.730
2004-03-08,4.690
2004-03-09,4.640
2004-03-10,4.650
2004-03-11,4.660
2004-03-12,4.680
2004-03-15,4.670
2004-03-16,4.610
2004-03-17,4.620
2004-03-18,4.660
2004-03-19,4.680
2004-03-22,4.630
2004-03-23,4.620
2004-03-24,4.620
2004-03-25,4.650
2004-03-26,4.750
2004-03-29,4.800
2004-03-30,4.800
2004-03-31,4.770
2004-04-01,4.770
2004-04-02,4.970
2004-04-05,5.050
2004-04-06,5.010
2004-04-07,5.020
2004-04-08,5.040
2004-04-09,.
2004-04-12,5.080
2004-04-13,5.170
2004-04-14,5.210
2004-04-15,5.220
2004-04-16,5.200
2004-04-19,5.220
2004-04-20,5.240
2004-04-21,5.250
2004-04-22,5.200
2004-04-23,5.270
2004-04-26,5.250
2004-04-27,5.220
2004-04-28,5.280
2004-04-29,5.330
2004-04-30,5.310
2004-05-03,5.300
2004-05-04,5.340
2004-05-05,5.380
2004-05-06,5.410
2004-05-07,5.530
2004-05-10,5.540
2004-05-11,5.530
2004-05-12,5.570
2004-05-13,5.610
2004-05-14,5.540
2004-05-17,5.470
2004-05-18,5.480
2004-05-19,5.540
2004-05-20,5.470
2004-05-21,5.500
2004-05-24,5.480
2004-05-25,5.450
2004-05-26,5.410
2004-05-27,5.340
2004-05-28,5.390
2004-05-31,.
2004-06-01,5.450
2004-06-02,5.470
2004-06-03,5.460
2004-06-04,5.510
2004-06-07,5.510
2004-06-08,5.500
2004-06-09,5.540
2004-06-10,5.520
2004-06-11,.
2004-06-14,5.590
2004-06-15,5.410
2004-06-16,5.460
2004-06-17,5.420
2004-06-18,5.430
2004-06-21,5.420
2004-06-22,5.430
2004-06-23,5.410
2004-06-24,5.360
2004-06-25,5.370
2004-06-28,5.460
2004-06-29,5.410
2004-06-30,5.330
2004-07-01,5.310
2004-07-02,5.220
2004-07-05,.
2004-07-06,5.240
2004-07-07,5.240
2004-07-08,5.240
2004-07-09,5.230
2004-07-12,5.220
2004-07-13,5.250
2004-07-14,5.240
2004-07-15,5.240
2004-07-16,5.140
2004-07-19,5.140
2004-07-20,5.210
2004-07-21,5.240
2004-07-22,5.220
2004-07-23,5.200
2004-07-26,5.230
2004-07-27,5.350
2004-07-28,5.350
2004-07-29,5.340
2004-07-30,5.240
2004-08-02,5.220
2004-08-03,5.200
2004-08-04,5.200
2004-08-05,5.180
2004-08-06,5.040
2004-08-09,5.060
2004-08-10,5.080
2004-08-11,5.070
2004-08-12,5.050
2004-08-13,5.020
2004-08-16,5.060
2004-08-17,5.020
2004-08-18,5.040
2004-08-19,5.030
2004-08-20,5.030
2004-08-23,5.080
2004-08-24,5.080
2004-08-25,5.060
2004-08-26,5.030
2004-08-27,5.020
2004-08-30,4.990
2004-08-31,4.930
2004-09-01,4.930
2004-09-02,4.990
2004-09-03,5.070
2004-09-06,.
2004-09-07,5.030
2004-09-08,4.960
2004-09-09,4.990
2004-09-10,4.970
2004-09-13,4.940
2004-09-14,4.930
2004-09-15,4.960
2004-09-16,4.860
2004-09-17,4.910
2004-09-20,4.850
2004-09-21,4.820
2004-09-22,4.750
2004-09-23,4.780
2004-09-24,4.780
2004-09-27,4.750
2004-09-28,4.780
2004-09-29,4.850
2004-09-30,4.890
2004-10-01,4.950
2004-10-04,4.930
2004-10-05,4.930
2004-10-06,4.970
2004-10-07,5.000
2004-10-08,4.910
2004-10-11,.
2004-10-12,4.880
2004-10-13,4.860
2004-10-14,4.810
2004-10-15,4.840
2004-10-18,4.840
2004-10-19,4.830
2004-10-20,4.770
2004-10-21,4.760
2004-10-22,4.750
2004-10-25,4.740
2004-10-26,4.750
2004-10-27,4.850
2004-10-28,4.830
2004-10-29,4.790
2004-11-01,4.840
2004-11-02,4.840
2004-11-03,4.830
2004-11-04,4.820
2004-11-05,4.920
2004-11-08,4.950
2004-11-09,4.950
2004-11-10,4.970
2004-11-11,.
2004-11-12,4.910
2004-11-15,4.910
2004-11-16,4.920
2004-11-17,4.850
2004-11-18,4.820
2004-11-19,4.890
2004-11-22,4.850
2004-11-23,4.850
2004-11-24,4.850
2004-11-25,.
2004-11-26,4.900
2004-11-29,4.990
2004-11-30,5.030
2004-12-01,5.040
2004-12-02,5.070
2004-12-03,4.950
2004-12-06,4.920
2004-12-07,4.910
2004-12-08,4.800
2004-12-09,4.840
2004-12-10,4.830
2004-12-13,4.810
2004-12-14,4.790
2004-12-15,4.720
2004-12-16,4.840
2004-12-17,4.850
2004-12-20,4.840
2004-12-21,4.820
2004-12-22,4.850
2004-12-23,4.860
2004-12-24,.
2004-12-27,4.950
2004-12-28,4.940
2004-12-29,4.960
2004-12-30,4.920
2004-12-31,4.850
2005-01-03,4.840
2005-01-04,4.910
2005-01-05,4.880
2005-01-06,4.880
2005-01-07,4.880
2005-01-10,4.860
2005-01-11,4.830
2005-01-12,4.810
2005-01-13,4.750
2005-01-14,4.760
2005-01-17,.
2005-01-18,4.730
2005-01-19,4.710
2005-01-20,4.700
2005-01-21,4.690
2005-01-24,4.650
2005-01-25,4.720
2005-01-26,4.720
2005-01-27,4.730
2005-01-28,4.660
2005-01-31,4.640
2005-02-01,4.650
2005-02-02,4.630
2005-02-03,4.640
2005-02-04,4.540
2005-02-07,4.490
2005-02-08,4.460
2005-02-09,4.430
2005-02-10,4.520
2005-02-11,4.550
2005-02-14,4.510
2005-02-15,4.550
2005-02-16,4.600
2005-02-17,4.650
2005-02-18,4.720
2005-02-21,.
2005-02-22,4.750
2005-02-23,4.730
2005-02-24,4.740
2005-02-25,4.720
2005-02-28,4.790
2005-03-01,4.800
2005-03-02,4.820
2005-03-03,4.820
2005-03-04,4.730
2005-03-07,4.700
2005-03-08,4.780
2005-03-09,4.920
2005-03-10,4.850
2005-03-11,4.930
2005-03-14,4.900
2005-03-15,4.930
2005-03-16,4.910
2005-03-17,4.870
2005-03-18,4.920
2005-03-21,4.940
2005-03-22,5.010
2005-03-23,4.990
2005-03-24,4.970
2005-03-25,.
2005-03-28,5.010
2005-03-29,4.980
2005-03-30,4.930
2005-03-31,4.880
2005-04-01,4.850
2005-04-04,4.840
2005-04-05,4.870
2005-04-06,4.850
2005-04-07,4.900
2005-04-08,4.880
2005-04-11,4.840
2005-04-12,4.780
2005-04-13,4.800
2005-04-14,4.800
2005-04-15,4.730
2005-04-18,4.700
2005-04-19,4.640
2005-04-20,4.660
2005-04-21,4.730
2005-04-22,4.680
2005-04-25,4.650
2005-04-26,4.670
2005-04-27,4.650
2005-04-28,4.600
2005-04-29,4.610
2005-05-02,4.610
2005-05-03,4.600
2005-05-04,4.640
2005-05-05,4.640
2005-05-06,4.690
2005-05-09,4.690
2005-05-10,4.650
2005-05-11,4.610
2005-05-12,4.590
2005-05-13,4.560
2005-05-16,4.560
2005-05-17,4.540
2005-05-18,4.490
2005-05-19,4.520
2005-05-20,4.520
2005-05-23,4.460
2005-05-24,4.430
2005-05-25,4.480
2005-05-26,4.490
2005-05-27,4.490
2005-05-30,.
2005-05-31,4.400
2005-06-01,4.310
2005-06-02,4.280
2005-06-03,4.340
2005-06-06,4.310
2005-06-07,4.260
2005-06-08,4.290
2005-06-09,4.310
2005-06-10,4.390
2005-06-13,4.440
2005-06-14,4.490
2005-06-15,4.490
2005-06-16,4.450
2005-06-17,4.440
2005-06-20,4.460
2005-06-21,4.400
2005-06-22,4.310
2005-06-23,4.320
2005-06-24,4.280
2005-06-27,4.250
2005-06-28,4.300
2005-06-29,4.330
2005-06-30,4.280
2005-07-01,4.370
2005-07-04,.
2005-07-05,4.430
2005-07-06,4.400
2005-07-07,4.370
2005-07-08,4.420
2005-07-11,4.420
2005-07-12,4.460
2005-07-13,4.470
2005-07-14,4.490
2005-07-15,4.470
2005-07-18,4.530
2005-07-19,4.500
2005-07-20,4.470
2005-07-21,4.580
2005-07-22,4.520
2005-07-25,4.530
2005-07-26,4.530
2005-07-27,4.550
2005-07-28,4.480
2005-07-29,4.560
2005-08-01,4.590
2005-08-02,4.620
2005-08-03,4.580
2005-08-04,4.600
2005-08-05,4.660
2005-08-08,4.680
2005-08-09,4.660
2005-08-10,4.650
2005-08-11,4.600
2005-08-12,4.520
2005-08-15,4.530
2005-08-16,4.490
2005-08-17,4.530
2005-08-18,4.480
2005-08-19,4.470
2005-08-22,4.480
2005-08-23,4.460
2005-08-24,4.460
2005-08-25,4.450
2005-08-26,4.460
2005-08-29,4.450
2005-08-30,4.430
2005-08-31,4.300
2005-09-01,4.310
2005-09-02,4.330
2005-09-05,.
2005-09-06,4.390
2005-09-07,4.460
2005-09-08,4.450
2005-09-09,4.450
2005-09-12,4.500
2005-09-13,4.470
2005-09-14,4.500
2005-09-15,4.560
2005-09-16,4.610
2005-09-19,4.600
2005-09-20,4.590
2005-09-21,4.520
2005-09-22,4.520
2005-09-23,4.570
2005-09-26,4.600
2005-09-27,4.600
2005-09-28,4.550
2005-09-29,4.590
2005-09-30,4.620
2005-10-03,4.670
2005-10-04,4.660
2005-10-05,4.630
2005-10-06,4.640
2005-10-07,4.620
2005-10-10,.
2005-10-11,4.650
2005-10-12,4.710
2005-10-13,4.770
2005-10-14,4.760
2005-10-17,4.770
2005-10-18,4.780
2005-10-19,4.760
2005-10-20,4.750
2005-10-21,4.680
2005-10-24,4.740
2005-10-25,4.800
2005-10-26,4.870
2005-10-27,4.840
2005-10-28,4.840
2005-10-31,4.840
2005-11-01,4.850
2005-11-02,4.880
2005-11-03,4.940
2005-11-04,4.950
2005-11-07,4.930
2005-11-08,4.860
2005-11-09,4.930
2005-11-10,4.850
2005-11-11,.
2005-11-14,4.900
2005-11-15,4.830
2005-11-16,4.770
2005-11-17,4.750
2005-11-18,4.790
2005-11-21,4.760
2005-11-22,4.760
2005-11-23,4.800
2005-11-24,.
2005-11-25,4.760
2005-11-28,4.71
2005-11-29,4.78
2005-11-30,4.81
2005-12-01,4.83
2005-12-02,4.81
2005-12-05,4.85
2005-12-06,4.79
2005-12-07,4.80
2005-12-08,4.75
2005-12-09,4.83
2005-12-12,4.82
2005-12-13,4.81
2005-12-14,4.73
2005-12-15,4.75
2005-12-16,4.72
2005-12-19,4.72
2005-12-20,4.74
2005-12-21,4.75
2005-12-22,4.69
2005-12-23,4.63
2005-12-26,.
2005-12-27,4.58
2005-12-28,4.62
2005-12-29,4.60
2005-12-30,4.61
2006-01-02,.
2006-01-03,4.62
2006-01-04,4.60
2006-01-05,4.61
2006-01-06,4.63
2006-01-09,4.63
2006-01-10,4.68
2006-01-11,4.70
2006-01-12,4.66
2006-01-13,4.59
2006-01-16,.
2006-01-17,4.57
2006-01-18,4.58
2006-01-19,4.61
2006-01-20,4.59
2006-01-23,4.59
2006-01-24,4.63
2006-01-25,4.72
2006-01-26,4.76
2006-01-27,4.75
2006-01-30,4.77
2006-01-31,4.74
2006-02-01,4.77
2006-02-02,4.76
2006-02-03,4.70
2006-02-06,4.69
2006-02-07,4.73
2006-02-08,4.75
2006-02-09,4.72
2006-02-10,4.76
2006-02-13,4.76
2006-02-14,4.80
2006-02-15,4.78
2006-02-16,4.77
2006-02-17,4.71
2006-02-20,.
2006-02-21,4.72
2006-02-22,4.68
2006-02-23,4.70
2006-02-24,4.71
2006-02-27,4.74
2006-02-28,4.70
2006-03-01,4.74
2006-03-02,4.80
2006-03-03,4.84
2006-03-06,4.91
2006-03-07,4.91
2006-03-08,4.91
2006-03-09,4.91
2006-03-10,4.93
2006-03-13,4.95
2006-03-14,4.89
2006-03-15,4.93
2006-03-16,4.86
2006-03-17,4.89
2006-03-20,4.87
2006-03-21,4.91
2006-03-22,4.91
2006-03-23,4.93
2006-03-24,4.87
2006-03-27,4.91
2006-03-28,4.98
2006-03-29,5.02
2006-03-30,5.07
2006-03-31,5.07
2006-04-03,5.08
2006-04-04,5.09
2006-04-05,5.07
2006-04-06,5.13
2006-04-07,5.20
2006-04-10,5.21
2006-04-11,5.17
2006-04-12,5.22
2006-04-13,5.28
2006-04-14,.
2006-04-17,5.25
2006-04-18,5.23
2006-04-19,5.29
2006-04-20,5.29
2006-04-21,5.25
2006-04-24,5.22
2006-04-25,5.31
2006-04-26,5.34
2006-04-27,5.32
2006-04-28,5.31
2006-05-01,5.38
2006-05-02,5.35
2006-05-03,5.38
2006-05-04,5.38
2006-05-05,5.35
2006-05-08,5.34
2006-05-09,5.35
2006-05-10,5.34
2006-05-11,5.38
2006-05-12,5.44
2006-05-15,5.41
2006-05-16,5.36
2006-05-17,5.42
2006-05-18,5.32
2006-05-19,5.28
2006-05-22,5.28
2006-05-23,5.30
2006-05-24,5.27
2006-05-25,5.31
2006-05-26,5.30
2006-05-29,.
2006-05-30,5.33
2006-05-31,5.35
2006-06-01,5.34
2006-06-02,5.24
2006-06-05,5.24
2006-06-06,5.22
2006-06-07,5.23
2006-06-08,5.20
2006-06-09,5.17
2006-06-12,5.17
2006-06-13,5.15
2006-06-14,5.23
2006-06-15,5.27
2006-06-16,5.31
2006-06-19,5.32
2006-06-20,5.33
2006-06-21,5.32
2006-06-22,5.37
2006-06-23,5.40
2006-06-26,5.42
2006-06-27,5.38
2006-06-28,5.42
2006-06-29,5.39
2006-06-30,5.31
2006-07-03,5.33
2006-07-04,.
2006-07-05,5.39
2006-07-06,5.35
2006-07-07,5.29
2006-07-10,5.29
2006-07-11,5.26
2006-07-12,5.26
2006-07-13,5.23
2006-07-14,5.23
2006-07-17,5.23
2006-07-18,5.29
2006-07-19,5.22
2006-07-20,5.20
2006-07-21,5.21
2006-07-24,5.22
2006-07-25,5.24
2006-07-26,5.22
2006-07-27,5.22
2006-07-28,5.17
2006-07-31,5.17
2006-08-01,5.17
2006-08-02,5.14
2006-08-03,5.13
2006-08-04,5.09
2006-08-07,5.09
2006-08-08,5.11
2006-08-09,5.13
2006-08-10,5.15
2006-08-11,5.18
2006-08-14,5.21
2006-08-15,5.13
2006-08-16,5.08
2006-08-17,5.08
2006-08-18,5.05
2006-08-21,5.04
2006-08-22,5.03
2006-08-23,5.03
2006-08-24,5.02
2006-08-25,5.01
2006-08-28,5.01
2006-08-29,5.00
2006-08-30,4.98
2006-08-31,4.95
2006-09-01,4.95
2006-09-04,.
2006-09-05,5.01
2006-09-06,5.02
2006-09-07,5.01
2006-09-08,4.99
2006-09-11,5.02
2006-09-12,4.98
2006-09-13,4.97
2006-09-14,4.99
2006-09-15,5.00
2006-09-18,5.01
2006-09-19,4.94
2006-09-20,4.93
2006-09-21,4.86
2006-09-22,4.82
2006-09-25,4.77
2006-09-26,4.79
2006-09-27,4.81
2006-09-28,4.84
2006-09-29,4.84
2006-10-02,4.83
2006-10-03,4.83
2006-10-04,4.79
2006-10-05,4.84
2006-10-06,4.92
2006-10-09,.
2006-10-10,4.96
2006-10-11,4.99
2006-10-12,4.99
2006-10-13,5.02
2006-10-16,5.00
2006-10-17,4.99
2006-10-18,4.97
2006-10-19,4.99
2006-10-20,4.99
2006-10-23,5.03
2006-10-24,5.03
2006-10-25,4.98
2006-10-26,4.93
2006-10-27,4.88
2006-10-30,4.88
2006-10-31,4.81
2006-11-01,4.77
2006-11-02,4.80
2006-11-03,4.90
2006-11-06,4.89
2006-11-07,4.85
2006-11-08,4.82
2006-11-09,4.82
2006-11-10,4.78
2006-11-13,4.80
2006-11-14,4.76
2006-11-15,4.80
2006-11-16,4.84
2006-11-17,4.79
2006-11-20,4.78
2006-11-21,4.76
2006-11-22,4.76
2006-11-23,.
2006-11-24,4.74
2006-11-27,4.73
2006-11-28,4.70
2006-11-29,4.72
2006-11-30,4.66
2006-12-01,4.64
2006-12-04,4.65
2006-12-05,4.67
2006-12-06,4.69
2006-12-07,4.70
2006-12-08,4.76
2006-12-11,4.73
2006-12-12,4.70
2006-12-13,4.78
2006-12-14,4.81
2006-12-15,4.81
2006-12-18,4.81
2006-12-19,4.82
2006-12-20,4.82
2006-12-21,4.78
2006-12-22,4.85
2006-12-25,.
2006-12-26,4.82
2006-12-27,4.87
2006-12-28,4.90
2006-12-29,4.91
2007-01-01,.
2007-01-02,4.87
2007-01-03,4.85
2007-01-04,4.81
2007-01-05,4.84
2007-01-08,4.84
2007-01-09,4.83
2007-01-10,4.87
2007-01-11,4.92
2007-01-12,4.96
2007-01-15,.
2007-01-16,4.94
2007-01-17,4.98
2007-01-18,4.94
2007-01-19,4.96
2007-01-22,4.94
2007-01-23,5.00
2007-01-24,5.00
2007-01-25,5.06
2007-01-26,5.07
2007-01-29,5.09
2007-01-30,5.07
2007-01-31,5.02
2007-02-01,5.02
2007-02-02,5.02
2007-02-05,5.00
2007-02-06,4.96
2007-02-07,4.94
2007-02-08,4.93
2007-02-09,4.98
2007-02-12,5.00
2007-02-13,5.02
2007-02-14,4.94
2007-02-15,4.91
2007-02-16,4.90
2007-02-19,.
2007-02-20,4.89
2007-02-21,4.90
2007-02-22,4.94
2007-02-23,4.89
2007-02-26,4.84
2007-02-27,4.73
2007-02-28,4.78
2007-03-01,4.78
2007-03-02,4.75
2007-03-05,4.74
2007-03-06,4.76
2007-03-07,4.73
2007-03-08,4.74
2007-03-09,4.81
2007-03-12,4.78
2007-03-13,4.75
2007-03-14,4.78
2007-03-15,4.78
2007-03-16,4.79
2007-03-19,4.81
2007-03-20,4.79
2007-03-21,4.78
2007-03-22,4.86
2007-03-23,4.88
2007-03-26,4.86
2007-03-27,4.89
2007-03-28,4.90
2007-03-29,4.90
2007-03-30,4.92
2007-04-02,4.92
2007-04-03,4.93
2007-04-04,4.92
2007-04-05,4.95
2007-04-06,5.00
2007-04-09,5.00
2007-04-10,4.99
2007-04-11,5.00
2007-04-12,4.99
2007-04-13,5.01
2007-04-16,4.98
2007-04-17,4.93
2007-04-18,4.90
2007-04-19,4.92
2007-04-20,4.93
2007-04-23,4.91
2007-04-24,4.88
2007-04-25,4.91
2007-04-26,4.95
2007-04-27,4.96
2007-04-30,4.88
2007-05-01,4.89
2007-05-02,4.89
2007-05-03,4.91
2007-05-04,4.88
2007-05-07,4.86
2007-05-08,4.87
2007-05-09,4.91
2007-05-10,4.90
2007-05-11,4.92
2007-05-14,4.93
2007-05-15,4.95
2007-05-16,4.95
2007-05-17,4.99
2007-05-18,5.03
2007-05-21,5.02
2007-05-22,5.06
2007-05-23,5.09
2007-05-24,5.09
2007-05-25,5.09
2007-05-28,.
2007-05-29,5.09
2007-05-30,5.09
2007-05-31,5.10
2007-06-01,5.15
2007-06-04,5.11
2007-06-05,5.16
2007-06-06,5.17
2007-06-07,5.29
2007-06-08,5.30
2007-06-11,5.32
2007-06-12,5.44
2007-06-13,5.36
2007-06-14,5.39
2007-06-15,5.34
2007-06-18,5.34
2007-06-19,5.28
2007-06-20,5.32
2007-06-21,5.36
2007-06-22,5.34
2007-06-25,5.28
2007-06-26,5.31
2007-06-27,5.28
2007-06-28,5.30
2007-06-29,5.21
2007-07-02,5.18
2007-07-03,5.22
2007-07-04,.
2007-07-05,5.32
2007-07-06,5.36
2007-07-09,5.32
2007-07-10,5.21
2007-07-11,5.26
2007-07-12,5.29
2007-07-13,5.27
2007-07-16,5.21
2007-07-17,5.24
2007-07-18,5.18
2007-07-19,5.20
2007-07-20,5.14
2007-07-23,5.15
2007-07-24,5.13
2007-07-25,5.12
2007-07-26,5.02
2007-07-27,5.03
2007-07-30,5.05
2007-07-31,5.00
2007-08-01,4.99
2007-08-02,5.00
2007-08-03,4.96
2007-08-06,4.98
2007-08-07,5.01
2007-08-08,5.11
2007-08-09,5.10
2007-08-10,5.11
2007-08-13,5.09
2007-08-14,5.06
2007-08-15,5.07
2007-08-16,4.99
2007-08-17,5.06
2007-08-20,5.04
2007-08-21,5.00
2007-08-22,5.01
2007-08-23,4.98
2007-08-24,4.95
2007-08-27,4.92
2007-08-28,4.90
2007-08-29,4.93
2007-08-30,4.87
2007-08-31,4.87
2007-09-03,.
2007-09-04,4.88
2007-09-05,4.82
2007-09-06,4.84
2007-09-07,4.73
2007-09-10,4.68
2007-09-11,4.68
2007-09-12,4.72
2007-09-13,4.79
2007-09-14,4.77
2007-09-17,4.76
2007-09-18,4.81
2007-09-19,4.86
2007-09-20,4.99
2007-09-21,4.95
2007-09-24,4.94
2007-09-25,4.94
2007-09-26,4.95
2007-09-27,4.89
2007-09-28,4.89
2007-10-01,4.85
2007-10-02,4.83
2007-10-03,4.85
2007-10-04,4.83
2007-10-05,4.94
2007-10-08,.
2007-10-09,4.93
2007-10-10,4.93
2007-10-11,4.95
2007-10-12,4.98
2007-10-15,4.98
2007-10-16,4.97
2007-10-17,4.88
2007-10-18,4.84
2007-10-19,4.74
2007-10-22,4.73
2007-10-23,4.74
2007-10-24,4.69
2007-10-25,4.70
2007-10-26,4.73
2007-10-29,4.71
2007-10-30,4.72
2007-10-31,4.79
2007-11-01,4.69
2007-11-02,4.65
2007-11-05,4.67
2007-11-06,4.70
2007-11-07,4.71
2007-11-08,4.70
2007-11-09,4.64
2007-11-12,.
2007-11-13,4.64
2007-11-14,4.65
2007-11-15,4.58
2007-11-16,4.56
2007-11-19,4.50
2007-11-20,4.51
2007-11-21,4.49
2007-11-22,.
2007-11-23,4.46
2007-11-26,4.29
2007-11-27,4.40
2007-11-28,4.46
2007-11-29,4.39
2007-11-30,4.44
2007-12-03,4.38
2007-12-04,4.38
2007-12-05,4.42
2007-12-06,4.52
2007-12-07,4.62
2007-12-10,4.64
2007-12-11,4.51
2007-12-12,4.55
2007-12-13,4.66
2007-12-14,4.71
2007-12-17,4.67
2007-12-18,4.60
2007-12-19,4.52
2007-12-20,4.50
2007-12-21,4.62
2007-12-24,4.67
2007-12-25,.
2007-12-26,4.73
2007-12-27,4.66
2007-12-28,4.56
2007-12-31,4.50
2008-01-01,.
2008-01-02,4.39
2008-01-03,4.41
2008-01-04,4.40
2008-01-07,4.37
2008-01-08,4.39
2008-01-09,4.35
2008-01-10,4.47
2008-01-11,4.40
2008-01-14,4.39
2008-01-15,4.30
2008-01-16,4.34
2008-01-17,4.27
2008-01-18,4.30
2008-01-21,.
2008-01-22,4.23
2008-01-23,4.23
2008-01-24,4.37
2008-01-25,4.30
2008-01-28,4.30
2008-01-29,4.35
2008-01-30,4.45
2008-01-31,4.35
2008-02-01,4.31
2008-02-04,4.37
2008-02-05,4.32
2008-02-06,4.36
2008-02-07,4.50
2008-02-08,4.41
2008-02-11,4.38
2008-02-12,4.43
2008-02-13,4.48
2008-02-14,4.63
2008-02-15,4.55
2008-02-18,.
2008-02-19,4.63
2008-02-20,4.63
2008-02-21,4.52
2008-02-22,4.55
2008-02-25,4.65
2008-02-26,4.64
2008-02-27,4.62
2008-02-28,4.51
2008-02-29,4.37
2008-03-03,4.37
2008-03-04,4.46
2008-03-05,4.55
2008-03-06,4.52
2008-03-07,4.49
2008-03-10,4.39
2008-03-11,4.48
2008-03-12,4.35
2008-03-13,4.42
2008-03-14,4.30
2008-03-17,4.24
2008-03-18,4.30
2008-03-19,4.20
2008-03-20,4.15
2008-03-21,.
2008-03-24,4.31
2008-03-25,4.29
2008-03-26,4.31
2008-03-27,4.37
2008-03-28,4.32
2008-03-31,4.30
2008-04-01,4.40
2008-04-02,4.40
2008-04-03,4.41
2008-04-04,4.32
2008-04-07,4.37
2008-04-08,4.37
2008-04-09,4.30
2008-04-10,4.33
2008-04-11,4.28
2008-04-14,4.32
2008-04-15,4.38
2008-04-16,4.49
2008-04-17,4.50
2008-04-18,4.52
2008-04-21,4.48
2008-04-22,4.47
2008-04-23,4.49
2008-04-24,4.56
2008-04-25,4.61
2008-04-28,4.57
2008-04-29,4.56
2008-04-30,4.49
2008-05-01,4.49
2008-05-02,4.57
2008-05-05,4.58
2008-05-06,4.64
2008-05-07,4.61
2008-05-08,4.55
2008-05-09,4.52
2008-05-12,4.52
2008-05-13,4.61
2008-05-14,4.63
2008-05-15,4.55
2008-05-16,4.57
2008-05-19,4.55
2008-05-20,4.52
2008-05-21,4.53
2008-05-22,4.62
2008-05-23,4.56
2008-05-26,.
2008-05-27,4.65
2008-05-28,4.72
2008-05-29,4.77
2008-05-30,4.74
2008-06-02,4.69
2008-06-03,4.64
2008-06-04,4.72
2008-06-05,4.77
2008-06-06,4.67
2008-06-09,4.68
2008-06-10,4.76
2008-06-11,4.76
2008-06-12,4.83
2008-06-13,4.86
2008-06-16,4.84
2008-06-17,4.85
2008-06-18,4.77
2008-06-19,4.82
2008-06-20,4.76
2008-06-23,4.77
2008-06-24,4.70
2008-06-25,4.72
2008-06-26,4.67
2008-06-27,4.58
2008-06-30,4.59
2008-07-01,4.60
2008-07-02,4.57
2008-07-03,4.58
2008-07-04,.
2008-07-07,4.55
2008-07-08,4.51
2008-07-09,4.47
2008-07-10,4.47
2008-07-11,4.57
2008-07-14,4.52
2008-07-15,4.52
2008-07-16,4.64
2008-07-17,4.70
2008-07-18,4.71
2008-07-21,4.69
2008-07-22,4.73
2008-07-23,4.76
2008-07-24,4.66
2008-07-25,4.75
2008-07-28,4.69
2008-07-29,4.70
2008-07-30,4.69
2008-07-31,4.63
2008-08-01,4.61
2008-08-04,4.62
2008-08-05,4.67
2008-08-06,4.71
2008-08-07,4.58
2008-08-08,4.58
2008-08-11,4.64
2008-08-12,4.58
2008-08-13,4.61
2008-08-14,4.55
2008-08-15,4.50
2008-08-18,4.47
2008-08-19,4.50
2008-08-20,4.46
2008-08-21,4.49
2008-08-22,4.50
2008-08-25,4.42
2008-08-26,4.43
2008-08-27,4.41
2008-08-28,4.41
2008-08-29,4.47
2008-09-01,.
2008-09-02,4.39
2008-09-03,4.36
2008-09-04,4.31
2008-09-05,4.31
2008-09-08,4.30
2008-09-09,4.24
2008-09-10,4.27
2008-09-11,4.25
2008-09-12,4.36
2008-09-15,4.14
2008-09-16,4.12
2008-09-17,4.12
2008-09-18,4.19
2008-09-19,4.42
2008-09-22,4.48
2008-09-23,4.50
2008-09-24,4.48
2008-09-25,4.48
2008-09-26,4.44
2008-09-29,4.21
2008-09-30,4.43
2008-10-01,4.33
2008-10-02,4.28
2008-10-03,4.26
2008-10-06,4.12
2008-10-07,4.15
2008-10-08,4.31
2008-10-09,4.41
2008-10-10,4.41
2008-10-13,.
2008-10-14,4.57
2008-10-15,4.57
2008-10-16,4.59
2008-10-17,4.66
2008-10-20,4.60
2008-10-21,4.52
2008-10-22,4.42
2008-10-23,4.34
2008-10-24,4.44
2008-10-27,4.43
2008-10-28,4.51
2008-10-29,4.59
2008-10-30,4.67
2008-10-31,4.74
2008-11-03,4.73
2008-11-04,4.58
2008-11-05,4.49
2008-11-06,4.52
2008-11-07,4.57
2008-11-10,4.50
2008-11-11,.
2008-11-12,4.44
2008-11-13,4.57
2008-11-14,4.43
2008-11-17,4.42
2008-11-18,4.32
2008-11-19,4.17
2008-11-20,3.87
2008-11-21,3.93
2008-11-24,4.01
2008-11-25,3.85
2008-11-26,3.77
2008-11-27,.
2008-11-28,3.71
2008-12-01,3.51
2008-12-02,3.47
2008-12-03,3.45
2008-12-04,3.35
2008-12-05,3.41
2008-12-08,3.45
2008-12-09,3.35
2008-12-10,3.39
2008-12-11,3.35
2008-12-12,3.36
2008-12-15,3.29
2008-12-16,3.16
2008-12-17,3.01
2008-12-18,2.86
2008-12-19,2.89
2008-12-22,2.92
2008-12-23,2.93
2008-12-24,2.94
2008-12-25,.
2008-12-26,2.91
2008-12-29,2.94
2008-12-30,2.88
2008-12-31,3.05
2009-01-01,.
2009-01-02,3.22
2009-01-05,3.37
2009-01-06,3.41
2009-01-07,3.41
2009-01-08,3.40
2009-01-09,3.39
2009-01-12,3.30
2009-01-13,3.30
2009-01-14,3.17
2009-01-15,3.16
2009-01-16,3.22
2009-01-19,.
2009-01-20,3.30
2009-01-21,3.51
2009-01-22,3.61
2009-01-23,3.65
2009-01-26,3.71
2009-01-27,3.57
2009-01-28,3.73
2009-01-29,3.85
2009-01-30,3.86
2009-02-02,3.75
2009-02-03,3.88
2009-02-04,3.88
2009-02-05,3.86
2009-02-06,3.94
2009-02-09,3.91
2009-02-10,3.77
2009-02-11,3.69
2009-02-12,3.71
2009-02-13,3.91
2009-02-16,.
2009-02-17,3.70
2009-02-18,3.77
2009-02-19,3.92
2009-02-20,3.82
2009-02-23,3.79
2009-02-24,3.77
2009-02-25,3.88
2009-02-26,3.93
2009-02-27,3.98
2009-03-02,3.89
2009-03-03,3.92
2009-03-04,3.96
2009-03-05,3.76
2009-03-06,3.74
2009-03-09,3.83
2009-03-10,3.94
2009-03-11,3.88
2009-03-12,3.82
2009-03-13,3.84
2009-03-16,3.93
2009-03-17,3.99
2009-03-18,3.65
2009-03-19,3.64
2009-03-20,3.67
2009-03-23,3.70
2009-03-24,3.64
2009-03-25,3.76
2009-03-26,3.69
2009-03-27,3.66
2009-03-30,3.64
2009-03-31,3.61
2009-04-01,3.54
2009-04-02,3.63
2009-04-03,3.77
2009-04-06,3.82
2009-04-07,3.79
2009-04-08,3.74
2009-04-09,3.85
2009-04-10,.
2009-04-13,3.78
2009-04-14,3.73
2009-04-15,3.75
2009-04-16,3.81
2009-04-17,3.91
2009-04-20,3.80
2009-04-21,3.86
2009-04-22,3.93
2009-04-23,3.90
2009-04-24,3.99
2009-04-27,3.92
2009-04-28,4.03
2009-04-29,4.07
2009-04-30,4.10
2009-05-01,4.14
2009-05-04,4.11
2009-05-05,4.11
2009-05-06,4.12
2009-05-07,4.26
2009-05-08,4.25
2009-05-11,4.15
2009-05-12,4.13
2009-05-13,4.06
2009-05-14,4.04
2009-05-15,4.07
2009-05-18,4.16
2009-05-19,4.19
2009-05-20,4.11
2009-05-21,4.27
2009-05-22,4.36
2009-05-25,.
2009-05-26,4.42
2009-05-27,4.58
2009-05-28,4.52
2009-05-29,4.34
2009-06-01,4.56
2009-06-02,4.51
2009-06-03,4.44
2009-06-04,4.58
2009-06-05,4.64
2009-06-08,4.66
2009-06-09,4.65
2009-06-10,4.75
2009-06-11,4.67
2009-06-12,4.63
2009-06-15,4.58
2009-06-16,4.47
2009-06-17,4.47
2009-06-18,4.62
2009-06-19,4.54
2009-06-22,4.45
2009-06-23,4.36
2009-06-24,4.43
2009-06-25,4.31
2009-06-26,4.28
2009-06-29,4.29
2009-06-30,4.30
2009-07-01,4.32
2009-07-02,4.28
2009-07-03,.
2009-07-06,4.29
2009-07-07,4.25
2009-07-08,4.13
2009-07-09,4.26
2009-07-10,4.16
2009-07-13,4.21
2009-07-14,4.35
2009-07-15,4.46
2009-07-16,4.43
2009-07-17,4.51
2009-07-20,4.45
2009-07-21,4.35
2009-07-22,4.42
2009-07-23,4.55
2009-07-24,4.53
2009-07-27,4.60
2009-07-28,4.54
2009-07-29,4.49
2009-07-30,4.44
2009-07-31,4.29
2009-08-03,4.40
2009-08-04,4.44
2009-08-05,4.54
2009-08-06,4.51
2009-08-07,4.59
2009-08-10,4.49
2009-08-11,4.40
2009-08-12,4.49
2009-08-13,4.37
2009-08-14,4.33
2009-08-17,4.26
2009-08-18,4.29
2009-08-19,4.23
2009-08-20,4.18
2009-08-21,4.32
2009-08-24,4.22
2009-08-25,4.17
2009-08-26,4.15
2009-08-27,4.19
2009-08-28,4.17
2009-08-31,4.14
2009-09-01,4.14
2009-09-02,4.04
2009-09-03,4.09
2009-09-04,4.21
2009-09-07,.
2009-09-08,4.24
2009-09-09,4.26
2009-09-10,4.11
2009-09-11,4.10
2009-09-14,4.16
2009-09-15,4.21
2009-09-16,4.22
2009-09-17,4.14
2009-09-18,4.20
2009-09-21,4.20
2009-09-22,4.18
2009-09-23,4.18
2009-09-24,4.14
2009-09-25,4.07
2009-09-28,4.02
2009-09-29,4.02
2009-09-30,4.02
2009-10-01,3.95
2009-10-02,3.98
2009-10-05,3.98
2009-10-06,4.03
2009-10-07,3.96
2009-10-08,4.05
2009-10-09,4.20
2009-10-12,.
2009-10-13,4.14
2009-10-14,4.26
2009-10-15,4.29
2009-10-16,4.22
2009-10-19,4.19
2009-10-20,4.14
2009-10-21,4.20
2009-10-22,4.22
2009-10-23,4.27
2009-10-26,4.35
2009-10-27,4.26
2009-10-28,4.22
2009-10-29,4.31
2009-10-30,4.19
2009-11-02,4.22
2009-11-03,4.29
2009-11-04,4.36
2009-11-05,4.36
2009-11-06,4.35
2009-11-09,4.34
2009-11-10,4.36
2009-11-11,.
2009-11-12,4.33
2009-11-13,4.29
2009-11-16,4.18
2009-11-17,4.17
2009-11-18,4.21
2009-11-19,4.19
2009-11-20,4.20
2009-11-23,4.20
2009-11-24,4.16
2009-11-25,4.12
2009-11-26,.
2009-11-27,4.07
2009-11-30,4.07
2009-12-01,4.14
2009-12-02,4.14
2009-12-03,4.23
2009-12-04,4.31
2009-12-07,4.29
2009-12-08,4.28
2009-12-09,4.31
2009-12-10,4.37
2009-12-11,4.39
2009-12-14,4.39
2009-12-15,4.42
2009-12-16,4.42
2009-12-17,4.31
2009-12-18,4.36
2009-12-21,4.47
2009-12-22,4.52
2009-12-23,4.54
2009-12-24,4.60
2009-12-25,.
2009-12-28,4.61
2009-12-29,4.57
2009-12-30,4.54
2009-12-31,4.58
2010-01-01,.
2010-01-04,4.60
2010-01-05,4.54
2010-01-06,4.63
2010-01-07,4.62
2010-01-08,4.61
2010-01-11,4.64
2010-01-12,4.52
2010-01-13,4.60
2010-01-14,4.52
2010-01-15,4.48
2010-01-18,.
2010-01-19,4.49
2010-01-20,4.43
2010-01-21,4.38
2010-01-22,4.38
2010-01-25,4.42
2010-01-26,4.43
2010-01-27,4.42
2010-01-28,4.44
2010-01-29,4.38
2010-02-01,4.43
2010-02-02,4.42
2010-02-03,4.49
2010-02-04,4.39
2010-02-05,4.36
2010-02-08,4.38
2010-02-09,4.44
2010-02-10,4.51
2010-02-11,4.54
2010-02-12,4.52
2010-02-15,.
2010-02-16,4.49
2010-02-17,4.56
2010-02-18,4.61
2010-02-19,4.58
2010-02-22,4.60
2010-02-23,4.49
2010-02-24,4.49
2010-02-25,4.44
2010-02-26,4.40
2010-03-01,4.41
2010-03-02,4.42
2010-03-03,4.43
2010-03-04,4.40
2010-03-05,4.49
2010-03-08,4.52
2010-03-09,4.53
2010-03-10,4.53
2010-03-11,4.51
2010-03-12,4.47
2010-03-15,4.48
2010-03-16,4.43
2010-03-17,4.41
2010-03-18,4.43
2010-03-19,4.41
2010-03-22,4.41
2010-03-23,4.43
2010-03-24,4.56
2010-03-25,4.63
2010-03-26,4.60
2010-03-29,4.61
2010-03-30,4.59
2010-03-31,4.55
2010-04-01,4.58
2010-04-02,4.65
2010-04-05,4.69
2010-04-06,4.68
2010-04-07,4.58
2010-04-08,4.60
2010-04-09,4.58
2010-04-12,4.54
2010-04-13,4.52
2010-04-14,4.57
2010-04-15,4.56
2010-04-16,4.50
2010-04-19,4.54
2010-04-20,4.51
2010-04-21,4.45
2010-04-22,4.48
2010-04-23,4.51
2010-04-26,4.50
2010-04-27,4.40
2010-04-28,4.47
2010-04-29,4.42
2010-04-30,4.36
2010-05-03,4.37
2010-05-04,4.27
2010-05-05,4.23
2010-05-06,4.03
2010-05-07,4.11
2010-05-10,4.23
2010-05-11,4.24
2010-05-12,4.29
2010-05-13,4.26
2010-05-14,4.13
2010-05-17,4.17
2010-05-18,4.08
2010-05-19,4.07
2010-05-20,3.96
2010-05-21,3.91
2010-05-24,3.96
2010-05-25,3.91
2010-05-26,3.94
2010-05-27,4.08
2010-05-28,4.05
2010-05-31,.
2010-06-01,4.03
2010-06-02,4.08
2010-06-03,4.12
2010-06-04,3.95
2010-06-07,3.93
2010-06-08,3.92
2010-06-09,3.94
2010-06-10,4.06
2010-06-11,3.97
2010-06-14,4.02
2010-06-15,4.06
2010-06-16,4.00
2010-06-17,3.95
2010-06-18,3.97
2010-06-21,3.99
2010-06-22,3.92
2010-06-23,3.87
2010-06-24,3.91
2010-06-25,3.89
2010-06-28,3.82
2010-06-29,3.76
2010-06-30,3.74
2010-07-01,3.71
2010-07-02,3.77
2010-07-05,.
2010-07-06,3.71
2010-07-07,3.78
2010-07-08,3.81
2010-07-09,3.85
2010-07-12,3.86
2010-07-13,3.92
2010-07-14,3.84
2010-07-15,3.77
2010-07-16,3.74
2010-07-19,3.78
2010-07-20,3.78
2010-07-21,3.68
2010-07-22,3.75
2010-07-23,3.81
2010-07-26,3.82
2010-07-27,3.88
2010-07-28,3.86
2010-07-29,3.86
2010-07-30,3.74
2010-08-02,3.82
2010-08-03,3.78
2010-08-04,3.81
2010-08-05,3.78
2010-08-06,3.71
2010-08-09,3.73
2010-08-10,3.70
2010-08-11,3.62
2010-08-12,3.63
2010-08-13,3.56
2010-08-16,3.42
2010-08-17,3.47
2010-08-18,3.44
2010-08-19,3.37
2010-08-20,3.38
2010-08-23,3.37
2010-08-24,3.28
2010-08-25,3.31
2010-08-26,3.25
2010-08-27,3.41
2010-08-30,3.30
2010-08-31,3.23
2010-09-01,3.35
2010-09-02,3.41
2010-09-03,3.49
2010-09-06,.
2010-09-07,3.37
2010-09-08,3.42
2010-09-09,3.54
2010-09-10,3.58
2010-09-13,3.52
2010-09-14,3.48
2010-09-15,3.55
2010-09-16,3.61
2010-09-17,3.60
2010-09-20,3.57
2010-09-21,3.49
2010-09-22,3.43
2010-09-23,3.43
2010-09-24,3.50
2010-09-27,3.40
2010-09-28,3.35
2010-09-29,3.38
2010-09-30,3.38
2010-10-01,3.40
2010-10-04,3.39
2010-10-05,3.41
2010-10-06,3.34
2010-10-07,3.38
2010-10-08,3.39
2010-10-11,.
2010-10-12,3.44
2010-10-13,3.48
2010-10-14,3.54
2010-10-15,3.62
2010-10-18,3.57
2010-10-19,3.53
2010-10-20,3.53
2010-10-21,3.59
2010-10-22,3.59
2010-10-25,3.56
2010-10-26,3.66
2010-10-27,3.72
2010-10-28,3.70
2010-10-29,3.64
2010-11-01,3.66
2010-11-02,3.58
2010-11-03,3.71
2010-11-04,3.62
2010-11-05,3.69
2010-11-08,3.70
2010-11-09,3.83
2010-11-10,3.83
2010-11-11,.
2010-11-12,3.88
2010-11-15,4.01
2010-11-16,3.90
2010-11-17,3.95
2010-11-18,3.95
2010-11-19,3.91
2010-11-22,3.85
2010-11-23,3.82
2010-11-24,3.96
2010-11-25,.
2010-11-26,3.88
2010-11-29,3.83
2010-11-30,3.80
2010-12-01,3.95
2010-12-02,3.97
2010-12-03,4.01
2010-12-06,3.94
2010-12-07,4.11
2010-12-08,4.18
2010-12-09,4.15
2010-12-10,4.19
2010-12-13,4.15
2010-12-14,4.32
2010-12-15,4.37
2010-12-16,4.32
2010-12-17,4.19
2010-12-20,4.21
2010-12-21,4.21
2010-12-22,4.23
2010-12-23,4.26
2010-12-24,.
2010-12-27,4.20
2010-12-28,4.33
2010-12-29,4.19
2010-12-30,4.21
2010-12-31,4.13
2011-01-03,4.18
2011-01-04,4.21
2011-01-05,4.34
2011-01-06,4.31
2011-01-07,4.25
2011-01-10,4.23
2011-01-11,4.26
2011-01-12,4.28
2011-01-13,4.24
2011-01-14,4.27
2011-01-17,.
2011-01-18,4.31
2011-01-19,4.27
2011-01-20,4.36
2011-01-21,4.33
2011-01-24,4.31
2011-01-25,4.23
2011-01-26,4.34
2011-01-27,4.31
2011-01-28,4.26
2011-01-31,4.33
2011-02-01,4.37
2011-02-02,4.39
2011-02-03,4.43
2011-02-04,4.51
2011-02-07,4.50
2011-02-08,4.56
2011-02-09,4.49
2011-02-10,4.55
2011-02-11,4.49
2011-02-14,4.46
2011-02-15,4.45
2011-02-16,4.46
2011-02-17,4.44
2011-02-18,4.46
2011-02-21,.
2011-02-22,4.35
2011-02-23,4.34
2011-02-24,4.29
2011-02-25,4.26
2011-02-28,4.25
2011-03-01,4.24
2011-03-02,4.30
2011-03-03,4.40
2011-03-04,4.34
2011-03-07,4.36
2011-03-08,4.41
2011-03-09,4.35
2011-03-10,4.25
2011-03-11,4.29
2011-03-14,4.25
2011-03-15,4.21
2011-03-16,4.11
2011-03-17,4.15
2011-03-18,4.17
2011-03-21,4.20
2011-03-22,4.19
2011-03-23,4.20
2011-03-24,4.25
2011-03-25,4.28
2011-03-28,4.28
2011-03-29,4.31
2011-03-30,4.29
2011-03-31,4.29
2011-04-01,4.27
2011-04-04,4.27
2011-04-05,4.30
2011-04-06,4.37
2011-04-07,4.41
2011-04-08,4.41
2011-04-11,4.42
2011-04-12,4.35
2011-04-13,4.33
2011-04-14,4.32
2011-04-15,4.25
2011-04-18,4.22
2011-04-19,4.20
2011-04-20,4.24
2011-04-21,4.24
2011-04-22,.
2011-04-25,4.22
2011-04-26,4.16
2011-04-27,4.21
2011-04-28,4.18
2011-04-29,4.15
2011-05-02,4.14
2011-05-03,4.11
2011-05-04,4.08
2011-05-05,4.00
2011-05-06,4.03
2011-05-09,4.03
2011-05-10,4.07
2011-05-11,4.04
2011-05-12,4.07
2011-05-13,4.03
2011-05-16,3.99
2011-05-17,3.94
2011-05-18,4.00
2011-05-19,4.01
2011-05-20,4.00
2011-05-23,3.97
2011-05-24,3.96
2011-05-25,3.99
2011-05-26,3.93
2011-05-27,3.94
2011-05-30,.
2011-05-31,3.91
2011-06-01,3.83
2011-06-02,3.92
2011-06-03,3.90
2011-06-06,3.92
2011-06-07,3.94
2011-06-08,3.88
2011-06-09,3.91
2011-06-10,3.87
2011-06-13,3.89
2011-06-14,4.00
2011-06-15,3.89
2011-06-16,3.84
2011-06-17,3.86
2011-06-20,3.87
2011-06-21,3.90
2011-06-22,3.91
2011-06-23,3.84
2011-06-24,3.83
2011-06-27,3.94
2011-06-28,4.01
2011-06-29,4.08
2011-06-30,4.09
2011-07-01,4.12
2011-07-04,.
2011-07-05,4.09
2011-07-06,4.05
2011-07-07,4.08
2011-07-08,3.97
2011-07-11,3.88
2011-07-12,3.86
2011-07-13,3.85
2011-07-14,3.92
2011-07-15,3.92
2011-07-18,3.95
2011-07-19,3.86
2011-07-20,3.92
2011-07-21,3.98
2011-07-22,3.93
2011-07-25,3.98
2011-07-26,3.94
2011-07-27,3.95
2011-07-28,3.93
2011-07-29,3.77
2011-08-01,3.72
2011-08-02,3.59
2011-08-03,3.55
2011-08-04,3.37
2011-08-05,3.49
2011-08-08,3.31
2011-08-09,3.17
2011-08-10,3.08
2011-08-11,3.34
2011-08-12,3.24
2011-08-15,3.29
2011-08-16,3.23
2011-08-17,3.14
2011-08-18,3.02
2011-08-19,2.97
2011-08-22,3.00
2011-08-23,3.06
2011-08-24,3.23
2011-08-25,3.17
2011-08-26,3.13
2011-08-29,3.22
2011-08-30,3.12
2011-08-31,3.19
2011-09-01,3.10
2011-09-02,2.92
2011-09-05,.
2011-09-06,2.86
2011-09-07,2.96
2011-09-08,2.92
2011-09-09,2.86
2011-09-12,2.84
2011-09-13,2.92
2011-09-14,2.92
2011-09-15,2.97
2011-09-16,2.96
2011-09-19,2.84
2011-09-20,2.82
2011-09-21,2.69
2011-09-22,2.48
2011-09-23,2.59
2011-09-26,2.69
2011-09-27,2.79
2011-09-28,2.82
2011-09-29,2.76
2011-09-30,2.66
2011-10-03,2.51
2011-10-04,2.53
2011-10-05,2.62
2011-10-06,2.71
2011-10-07,2.78
2011-10-10,.
2011-10-11,2.87
2011-10-12,2.94
2011-10-13,2.90
2011-10-14,2.97
2011-10-17,2.88
2011-10-18,2.91
2011-10-19,2.90
2011-10-20,2.92
2011-10-21,2.98
2011-10-24,3.00
2011-10-25,2.86
2011-10-26,2.95
2011-10-27,3.18
2011-10-28,3.09
2011-10-31,2.89
2011-11-01,2.73
2011-11-02,2.75
2011-11-03,2.83
2011-11-04,2.81
2011-11-07,2.77
2011-11-08,2.84
2011-11-09,2.73
2011-11-10,2.80
2011-11-11,.
2011-11-14,2.77
2011-11-15,2.79
2011-11-16,2.73
2011-11-17,2.66
2011-11-18,2.69
2011-11-21,2.65
2011-11-22,2.60
2011-11-23,2.53
2011-11-24,.
2011-11-25,2.62
2011-11-28,2.63
2011-11-29,2.66
2011-11-30,2.77
2011-12-01,2.82
2011-12-02,2.74
2011-12-05,2.73
2011-12-06,2.74
2011-12-07,2.74
2011-12-08,2.70
2011-12-09,2.79
2011-12-12,2.75
2011-12-13,2.66
2011-12-14,2.59
2011-12-15,2.60
2011-12-16,2.54
2011-12-19,2.48
2011-12-20,2.61
2011-12-21,2.67
2011-12-22,2.67
2011-12-23,2.73
2011-12-26,.
2011-12-27,2.72
2011-12-28,2.59
2011-12-29,2.58
2011-12-30,2.57
2012-01-02,.
2012-01-03,2.67
2012-01-04,2.71
2012-01-05,2.74
2012-01-06,2.70
2012-01-09,2.70
2012-01-10,2.71
2012-01-11,2.63
2012-01-12,2.65
2012-01-13,2.59
2012-01-16,.
2012-01-17,2.57
2012-01-18,2.63
2012-01-19,2.72
2012-01-20,2.78
2012-01-23,2.82
2012-01-24,2.82
2012-01-25,2.78
2012-01-26,2.74
2012-01-27,2.71
2012-01-30,2.64
2012-01-31,2.59
2012-02-01,2.65
2012-02-02,2.64
2012-02-03,2.76
2012-02-06,2.71
2012-02-07,2.78
2012-02-08,2.78
2012-02-09,2.83
2012-02-10,2.75
2012-02-13,2.78
2012-02-14,2.70
2012-02-15,2.72
2012-02-16,2.78
2012-02-17,2.80
2012-02-20,.
2012-02-21,2.84
2012-02-22,2.79
2012-02-23,2.77
2012-02-24,2.75
2012-02-27,2.69
2012-02-28,2.71
2012-02-29,2.73
2012-03-01,2.80
2012-03-02,2.77
2012-03-05,2.78
2012-03-06,2.73
2012-03-07,2.76
2012-03-08,2.82
2012-03-09,2.83
2012-03-12,2.82
2012-03-13,2.92
2012-03-14,3.08
2012-03-15,3.08
2012-03-16,3.08
2012-03-19,3.14
2012-03-20,3.13
2012-03-21,3.06
2012-03-22,3.04
2012-03-23,2.99
2012-03-26,3.00
2012-03-27,2.96
2012-03-28,2.97
2012-03-29,2.93
2012-03-30,3.00
2012-04-02,3.00
2012-04-03,3.07
2012-04-04,3.02
2012-04-05,2.97
2012-04-06,2.85
2012-04-09,2.82
2012-04-10,2.77
2012-04-11,2.82
2012-04-12,2.85
2012-04-13,2.77
2012-04-16,2.75
2012-04-17,2.79
2012-04-18,2.76
2012-04-19,2.74
2012-04-20,2.75
2012-04-23,2.71
2012-04-24,2.75
2012-04-25,2.76
2012-04-26,2.74
2012-04-27,2.73
2012-04-30,2.73
2012-05-01,2.76
2012-05-02,2.72
2012-05-03,2.72
2012-05-04,2.67
2012-05-07,2.67
2012-05-08,2.63
2012-05-09,2.63
2012-05-10,2.64
2012-05-11,2.59
2012-05-14,2.53
2012-05-15,2.50
2012-05-16,2.48
2012-05-17,2.39
2012-05-18,2.40
2012-05-21,2.42
2012-05-22,2.48
2012-05-23,2.41
2012-05-24,2.46
2012-05-25,2.44
2012-05-28,.
2012-05-29,2.44
2012-05-30,2.32
2012-05-31,2.27
2012-06-01,2.13
2012-06-04,2.17
2012-06-05,2.23
2012-06-06,2.34
2012-06-07,2.35
2012-06-08,2.36
2012-06-11,2.30
2012-06-12,2.37
2012-06-13,2.30
2012-06-14,2.33
2012-06-15,2.30
2012-06-18,2.28
2012-06-19,2.33
2012-06-20,2.34
2012-06-21,2.30
2012-06-22,2.37
2012-06-25,2.31
2012-06-26,2.34
2012-06-27,2.32
2012-06-28,2.28
2012-06-29,2.38
2012-07-02,2.30
2012-07-03,2.36
2012-07-04,.
2012-07-05,2.34
2012-07-06,2.28
2012-07-09,2.24
2012-07-10,2.22
2012-07-11,2.22
2012-07-12,2.18
2012-07-13,2.20
2012-07-16,2.18
2012-07-17,2.22
2012-07-18,2.21
2012-07-19,2.24
2012-07-20,2.17
2012-07-23,2.15
2012-07-24,2.11
2012-07-25,2.11
2012-07-26,2.13
2012-07-27,2.27
2012-07-30,2.22
2012-07-31,2.21
2012-08-01,2.25
2012-08-02,2.20
2012-08-03,2.30
2012-08-06,2.29
2012-08-07,2.37
2012-08-08,2.39
2012-08-09,2.40
2012-08-10,2.37
2012-08-13,2.37
2012-08-14,2.45
2012-08-15,2.53
2012-08-16,2.57
2012-08-17,2.55
2012-08-20,2.55
2012-08-21,2.53
2012-08-22,2.44
2012-08-23,2.41
2012-08-24,2.41
2012-08-27,2.38
2012-08-28,2.36
2012-08-29,2.38
2012-08-30,2.36
2012-08-31,2.29
2012-09-03,.
2012-09-04,2.30
2012-09-05,2.32
2012-09-06,2.41
2012-09-07,2.42
2012-09-10,2.43
2012-09-11,2.44
2012-09-12,2.52
2012-09-13,2.53
2012-09-14,2.68
2012-09-17,2.64
2012-09-18,2.61
2012-09-19,2.58
2012-09-20,2.58
2012-09-21,2.57
2012-09-24,2.53
2012-09-25,2.47
2012-09-26,2.40
2012-09-27,2.43
2012-09-28,2.42
2012-10-01,2.41
2012-10-02,2.41
2012-10-03,2.42
2012-10-04,2.48
2012-10-05,2.55
2012-10-08,.
2012-10-09,2.52
2012-10-10,2.48
2012-10-11,2.45
2012-10-12,2.44
2012-10-15,2.45
2012-10-16,2.51
2012-10-17,2.60
2012-10-18,2.63
2012-10-19,2.55
2012-10-22,2.57
2012-10-23,2.53
2012-10-24,2.55
2012-10-25,2.60
2012-10-26,2.53
2012-10-29,2.48
2012-10-30,.
2012-10-31,2.46
2012-11-01,2.50
2012-11-02,2.51
2012-11-05,2.47
2012-11-06,2.52
2012-11-07,2.42
2012-11-08,2.35
2012-11-09,2.34
2012-11-12,.
2012-11-13,2.31
2012-11-14,2.31
2012-11-15,2.30
2012-11-16,2.31
2012-11-19,2.34
2012-11-20,2.40
2012-11-21,2.42
2012-11-22,.
2012-11-23,2.42
2012-11-26,2.39
2012-11-27,2.38
2012-11-28,2.36
2012-11-29,2.37
2012-11-30,2.37
2012-12-03,2.37
2012-12-04,2.36
2012-12-05,2.35
2012-12-06,2.33
2012-12-07,2.39
2012-12-10,2.38
2012-12-11,2.41
2012-12-12,2.48
2012-12-13,2.49
2012-12-14,2.46
2012-12-17,2.53
2012-12-18,2.59
2012-12-19,2.58
2012-12-20,2.57
2012-12-21,2.52
2012-12-24,2.53
2012-12-25,.
2012-12-26,2.52
2012-12-27,2.48
2012-12-28,2.47
2012-12-31,2.54
2013-01-01,.
2013-01-02,2.63
2013-01-03,2.70
2013-01-04,2.70
2013-01-07,2.70
2013-01-08,2.66
2013-01-09,2.65
2013-01-10,2.68
2013-01-11,2.65
2013-01-14,2.65
2013-01-15,2.62
2013-01-16,2.61
2013-01-17,2.66
2013-01-18,2.63
2013-01-21,.
2013-01-22,2.62
2013-01-23,2.62
2013-01-24,2.64
2013-01-25,2.75
2013-01-28,2.76
2013-01-29,2.79
2013-01-30,2.80
2013-01-31,2.79
2013-02-01,2.83
2013-02-04,2.79
2013-02-05,2.83
2013-02-06,2.79
2013-02-07,2.78
2013-02-08,2.79
2013-02-11,2.78
2013-02-12,2.81
2013-02-13,2.86
2013-02-14,2.79
2013-02-15,2.80
2013-02-18,.
2013-02-19,2.83
2013-02-20,2.82
2013-02-21,2.79
2013-02-22,2.77
2013-02-25,2.69
2013-02-26,2.69
2013-02-27,2.72
2013-02-28,2.71
2013-03-01,2.68
2013-03-04,2.70
2013-03-05,2.72
2013-03-06,2.77
2013-03-07,2.82
2013-03-08,2.89
2013-03-11,2.89
2013-03-12,2.85
2013-03-13,2.85
2013-03-14,2.87
2013-03-15,2.85
2013-03-18,2.79
2013-03-19,2.75
2013-03-20,2.80
2013-03-21,2.77
2013-03-22,2.75
2013-03-25,2.76
2013-03-26,2.75
2013-03-27,2.71
2013-03-28,2.71
2013-03-29,.
2013-04-01,2.70
2013-04-02,2.72
2013-04-03,2.66
2013-04-04,2.60
2013-04-05,2.50
2013-04-08,2.54
2013-04-09,2.57
2013-04-10,2.63
2013-04-11,2.62
2013-04-12,2.54
2013-04-15,2.50
2013-04-16,2.53
2013-04-17,2.51
2013-04-18,2.49
2013-04-19,2.50
2013-04-22,2.50
2013-04-23,2.52
2013-04-24,2.50
2013-04-25,2.52
2013-04-26,2.47
2013-04-29,2.49
2013-04-30,2.49
2013-05-01,2.44
2013-05-02,2.44
2013-05-03,2.58
2013-05-06,2.60
2013-05-07,2.62
2013-05-08,2.61
2013-05-09,2.60
2013-05-10,2.70
2013-05-13,2.73
2013-05-14,2.77
2013-05-15,2.76
2013-05-16,2.69
2013-05-17,2.77
2013-05-20,2.79
2013-05-21,2.75
2013-05-22,2.83
2013-05-23,2.82
2013-05-24,2.80
2013-05-27,.
2013-05-28,2.95
2013-05-29,2.91
2013-05-30,2.92
2013-05-31,2.95
